 ,Label,Area,Mean,Min,Max,X,Y,XM,YM,Perim.,Major,Minor,Angle,IntDen,RawIntDen
1,pperpot_6K-2.tif:0001-0015,0.060573,17788,10240,28202,8.112939,12.118141,8.113629,12.117228,0.960936,0.312522,0.246779,141.858252,1077.471794,6421468
2,pperpot_6K-2.tif:0002-0015,0.132052,26488.404066,12850,42710,8.166679,0.173604,8.166634,0.17261,1.380431,0.46002,0.365494,176.031102,3497.857499,20846374
3,pperpot_6K-2.tif:0003-0017,0.124837,24723.997312,11225,39577,8.713135,0.193414,8.710933,0.192225,1.383574,0.417102,0.381077,121.360795,3086.478178,18394654
4,pperpot_6K-2.tif:0004-0053,0.115777,25306.771014,14571,37449,8.703223,0.700501,8.702714,0.70038,1.28309,0.42054,0.350529,84.332441,2929.931141,17461672
5,pperpot_6K-2.tif:0005-0053,0.146147,25540.195178,10286,45056,9.263129,0.689545,9.262096,0.692269,1.430943,0.440285,0.422635,117.289914,3732.621509,22245510
6,pperpot_6K-2.tif:0006-0058,0.15806,23135.319533,11132,37385,5.456872,0.72395,5.458204,0.727283,1.526983,0.471435,0.426885,101.340392,3656.772922,21793471
7,pperpot_6K-2.tif:0007-0059,0.154033,24136.706972,11233,39357,6.555255,0.752754,6.554466,0.756906,1.545302,0.502177,0.390542,82.335148,3717.85362,22157497
8,pperpot_6K-2.tif:0008-0054,0.103696,25663.203883,12026,41307,8.169546,0.702526,8.169648,0.70194,1.221847,0.389888,0.338634,108.38962,2661.159693,15859860
9,pperpot_6K-2.tif:0009-0057,0.133059,24745.384615,11071,40269,6.010201,0.729616,6.011585,0.732917,1.365255,0.440943,0.384214,97.882843,3292.600071,19623090
10,pperpot_6K-2.tif:0010-0058,0.117958,23609.072546,10926,36667,7.092277,0.750241,7.092733,0.75253,1.331761,0.430868,0.348572,89.960043,2784.875851,16597178
11,pperpot_6K-2.tif:0011-0060,0.113931,25423.759941,8717,39499,7.627385,0.772352,7.62789,0.773439,1.293821,0.427697,0.339168,107.56235,2896.550742,17262733
12,pperpot_6K-2.tif:0012-0094,0.105206,24288.055821,12484,36719,5.451764,1.243336,5.452256,1.245617,1.307156,0.433342,0.309114,77.234447,2555.241079,15228611
13,pperpot_6K-2.tif:0013-0100,0.168799,23606.572565,11092,39579,4.406507,1.275002,4.407941,1.277599,1.672233,0.50277,0.427475,72.364938,3984.763078,23748212
14,pperpot_6K-2.tif:0014-0100,0.1094,24706.868098,12663,38162,6.536968,1.285671,6.536438,1.286097,1.357667,0.453514,0.307142,87.97176,2702.942954,16108878
15,pperpot_6K-2.tif:0015-0100,0.155543,25560.803668,12821,43660,9.811478,1.286144,9.807277,1.290021,1.502917,0.475264,0.416703,87.393404,3975.811872,23694865
16,pperpot_6K-2.tif:0016-0100,0.10487,24585.056,12209,36047,7.624003,1.299191,7.62319,1.298696,1.249595,0.424683,0.314411,88.994659,2578.236822,15365660
17,pperpot_6K-2.tif:0017-0098,0.126515,24240.104775,12288,45857,4.895188,1.2726,4.899929,1.27656,1.372843,0.42727,0.377008,178.365989,3066.743306,18277039
18,pperpot_6K-2.tif:0018-0098,0.093125,25140.643243,12288,36090,8.182467,1.275963,8.183531,1.274725,1.13784,0.367471,0.322665,75.376056,2341.213156,13953057
19,pperpot_6K-2.tif:0019-0100,0.104367,25813.188103,11101,41005,9.254123,1.309757,9.255726,1.309192,1.228133,0.400309,0.331953,98.52272,2694.037386,16055803
20,pperpot_6K-2.tif:0020-0102,0.096145,24868.268761,13596,39117,5.970584,1.298929,5.967866,1.297541,1.235721,0.414084,0.295629,89.668571,2390.956979,14249518
21,pperpot_6K-2.tif:0021-0099,0.094299,24360.234875,13819,38912,7.082408,1.287901,7.083798,1.289542,1.147269,0.385119,0.311762,47.157521,2297.150104,13690452
22,pperpot_6K-2.tif:0022-0101,0.102018,25243.991776,12563,37781,8.705769,1.309578,8.706318,1.307841,1.209814,0.371893,0.349275,60.64066,2575.331837,15348347
23,pperpot_6K-2.tif:0023-0106,0.093964,21790.819643,11075,32675,10.255856,1.355603,10.253157,1.357892,1.211116,0.417137,0.286808,132.264522,2047.543705,12202859
24,pperpot_6K-2.tif:0024-0137,0.084567,23940.013889,13929,39134,6.546972,1.795545,6.546235,1.795337,1.144126,0.386883,0.278312,84.626665,2024.540747,12065767
25,pperpot_6K-2.tif:0025-0139,0.12232,26041.259259,12894,39167,10.307658,1.810561,10.307694,1.813396,1.386717,0.465272,0.334736,82.395327,3185.378886,18984078
26,pperpot_6K-2.tif:0026-0139,0.134737,23696.41345,10530,37680,10.838328,1.812976,10.832449,1.818497,1.412624,0.466894,0.367434,86.134823,3192.785566,19028220
27,pperpot_6K-2.tif:0027-0139,0.137254,24635.067237,14530,38504,3.853116,1.795115,3.85423,1.797618,1.405036,0.422831,0.413303,165.396761,3381.260594,20151485
28,pperpot_6K-2.tif:0028-0140,0.105709,25414.057143,14841,36629,4.39478,1.81844,4.396418,1.820549,1.275502,0.422492,0.318569,104.265482,2686.495634,16010856
29,pperpot_6K-2.tif:0029-0141,0.097655,23637.812715,11667,37509,5.995137,1.836921,5.994903,1.836032,1.247754,0.431578,0.288102,90.73608,2308.351067,13757207
30,pperpot_6K-2.tif:0030-0142,0.111246,24445.289593,13185,36238,7.623092,1.83733,7.624243,1.835092,1.315283,0.465652,0.304182,107.755317,2719.445142,16207227
31,pperpot_6K-2.tif:0031-0141,0.141113,23468.89893,9822,36864,3.315939,1.814709,3.318343,1.818244,1.435388,0.456064,0.39396,106.175915,3311.770993,19737344
32,pperpot_6K-2.tif:0032-0141,0.093796,23139.062612,12430,35457,7.069241,1.833934,7.070012,1.832432,1.183907,0.406231,0.293982,81.467227,2170.346906,12934736
33,pperpot_6K-2.tif:0033-0141,0.102353,25341.511475,14581,35390,4.933124,1.820577,4.931916,1.818705,1.223688,0.377316,0.345387,99.241198,2593.784777,15458322
34,pperpot_6K-2.tif:0034-0142,0.089937,24193.175373,15576,39807,8.138809,1.8319,8.139507,1.831084,1.136538,0.379289,0.301909,93.233487,2175.851495,12967542
35,pperpot_6K-2.tif:0035-0141,0.093628,24697.179211,11540,37676,8.67587,1.840993,8.674454,1.840835,1.168731,0.365044,0.326565,124.316991,2312.347708,13781026
36,pperpot_6K-2.tif:0036-0142,0.092286,24789.067273,9589,37449,5.4645,1.841464,5.464001,1.840224,1.150412,0.359866,0.326515,56.238199,2287.675721,13633987
37,pperpot_6K-2.tif:0037-0142,0.091279,24890.154412,14336,40233,9.761861,1.85244,9.761829,1.852252,1.125807,0.348553,0.333436,50.639067,2271.946383,13540244
38,pperpot_6K-2.tif:0038-0143,0.084567,24110.746032,12494,34643,9.23538,1.856097,9.235938,1.855674,1.089169,0.344352,0.312687,82.661927,2038.979092,12151816
39,pperpot_6K-2.tif:0039-0179,0.105038,26297.746006,15364,38417,3.825306,2.348177,3.825294,2.350917,1.330459,0.403807,0.331194,82.435699,2762.259317,16462389
40,pperpot_6K-2.tif:0040-0183,0.165443,24452.800203,9155,42684,2.782458,2.350041,2.784187,2.352934,1.585083,0.478281,0.440429,51.131129,4045.54561,24110461
41,pperpot_6K-2.tif:0041-0182,0.103192,25999.409756,14482,37873,4.368254,2.358867,4.368441,2.357036,1.235721,0.428053,0.306944,91.542588,2682.935252,15989637
42,pperpot_6K-2.tif:0042-0180,0.095977,25912.094406,14347,39682,4.904832,2.352978,4.90525,2.353714,1.209814,0.380096,0.321503,55.202357,2486.967635,14821718
43,pperpot_6K-2.tif:0043-0180,0.093796,24171.391771,11755,35026,5.43203,2.34044,5.430569,2.340523,1.183907,0.387537,0.308163,94.04304,2267.175046,13511808
44,pperpot_6K-2.tif:0044-0183,0.125005,25811.990604,12146,40030,10.845098,2.370579,10.843788,2.370814,1.334904,0.42854,0.371404,66.509074,3226.63142,19229933
45,pperpot_6K-2.tif:0045-0183,0.104534,24046.82504,11417,36225,5.981889,2.378145,5.983648,2.377065,1.249595,0.396711,0.335503,87.681,2513.722762,14981172
46,pperpot_6K-2.tif:0046-0182,0.100675,26016.676667,12523,40879,3.279643,2.361934,3.281081,2.362588,1.199083,0.364338,0.351826,137.242238,2619.236158,15610006
47,pperpot_6K-2.tif:0047-0183,0.09883,24301.543294,12966,36370,6.533283,2.366821,6.533837,2.36642,1.183907,0.383351,0.328247,105.176912,2401.710944,14313609
48,pperpot_6K-2.tif:0048-0183,0.102353,25637.395082,11162,40825,10.296005,2.370526,10.297325,2.370481,1.199083,0.408546,0.318985,115.128523,2624.06941,15638811
49,pperpot_6K-2.tif:0049-0185,0.099165,20808.729272,10240,33939,11.412623,2.3621,11.411135,2.365139,1.258485,0.395246,0.319449,87.949314,2063.500737,12297959
50,pperpot_6K-2.tif:0050-0182,0.084399,22839.065606,9678,33127,7.056816,2.368075,7.05646,2.36677,1.066405,0.35174,0.305512,61.690746,1927.604381,11488050
51,pperpot_6K-2.tif:0051-0181,0.084735,23963.358416,12288,37911,7.635988,2.355003,7.63657,2.354382,1.107488,0.356845,0.302338,163.777621,2030.535792,12101496
52,pperpot_6K-2.tif:0052-0183,0.082722,24272.586207,10875,36783,8.698091,2.374858,8.697456,2.374809,1.103043,0.351072,0.300008,89.282928,2007.865229,11966385
53,pperpot_6K-2.tif:0053-0185,0.096816,24120.504333,14336,37518,9.773924,2.386052,9.77606,2.386193,1.197781,0.390016,0.316064,86.9883,2335.252173,13917531
54,pperpot_6K-2.tif:0054-0184,0.089769,24146.699065,8210,36864,9.225612,2.383376,9.223831,2.383848,1.132093,0.361377,0.316283,98.950926,2167.619948,12918484
55,pperpot_6K-2.tif:0055-0185,0.094803,23673.787611,11334,38766,8.160462,2.395393,8.161039,2.39433,1.183907,0.378159,0.319195,141.532219,2244.335517,13375690
56,pperpot_6K-2.tif:0056-0223,0.156886,25146.003209,11431,36825,2.217321,2.884209,2.220907,2.889186,1.499774,0.463861,0.430632,71.800522,3945.046849,23511513
57,pperpot_6K-2.tif:0057-0223,0.102018,22853.878289,12763,32788,7.052754,2.905303,7.052513,2.905415,1.279947,0.432113,0.300599,92.609496,2331.498159,13895158
58,pperpot_6K-2.tif:0058-0220,0.076849,22864.70524,11575,35255,8.165742,2.860452,8.166304,2.860641,1.089169,0.382793,0.255613,65.690321,1757.125059,10472035
59,pperpot_6K-2.tif:0059-0224,0.130207,23855.849227,10656,44685,11.385657,2.90715,11.383383,2.908753,1.38986,0.47102,0.351969,88.36771,3106.191236,18512139
60,pperpot_6K-2.tif:0060-0222,0.111246,26789.785822,13613,42867,2.766658,2.887518,2.768422,2.889621,1.258485,0.417083,0.339604,107.189119,2980.261397,17761628
61,pperpot_6K-2.tif:0061-0222,0.095642,26493.375439,16384,40371,3.8482,2.896712,3.846348,2.898773,1.191495,0.39492,0.308352,91.360736,2533.866543,15101224
62,pperpot_6K-2.tif:0062-0224,0.104199,24108.243156,12122,35587,8.680977,2.900501,8.680324,2.90137,1.228133,0.40366,0.328668,82.692308,2512.052727,14971219
63,pperpot_6K-2.tif:0063-0223,0.091111,23833.101289,14227,36805,10.300947,2.898104,10.301999,2.896558,1.136538,0.383132,0.302784,102.496528,2171.46071,12941374
64,pperpot_6K-2.tif:0064-0224,0.098326,26300.027304,14336,40960,3.302889,2.910063,3.304515,2.910812,1.159302,0.378783,0.330513,97.592298,2585.981436,15411816
65,pperpot_6K-2.tif:0065-0224,0.084064,23658.770459,13185,38838,5.973084,2.901536,5.973088,2.900051,1.0999,0.370663,0.288762,88.466915,1988.847501,11853044
66,pperpot_6K-2.tif:0066-0225,0.091111,22976.064457,14336,34043,7.623135,2.901706,7.623668,2.901348,1.171335,0.39059,0.297002,112.451705,2093.375119,12476003
67,pperpot_6K-2.tif:0067-0225,0.082889,23989.967611,10828,36673,9.208075,2.927325,9.206957,2.930014,1.0999,0.358051,0.294757,76.103276,1988.511917,11851044
68,pperpot_6K-2.tif:0068-0225,0.093125,23378.744144,11130,38203,9.745332,2.928637,9.745434,2.928404,1.159302,0.380305,0.311776,63.39432,2177.13695,12975203
69,pperpot_6K-2.tif:0069-0228,0.111078,24225.05136,12000,40252,10.846116,2.944329,10.845822,2.94437,1.298266,0.436933,0.323687,84.865347,2690.879706,16036984
70,pperpot_6K-2.tif:0070-0225,0.085574,25366.860784,9470,38228,4.385102,2.919659,4.385732,2.918659,1.086026,0.373043,0.292074,51.183543,2170.743399,12937099
71,pperpot_6K-2.tif:0071-0224,0.086077,24970.793372,13111,37550,4.93874,2.906613,4.938357,2.906127,1.093614,0.346549,0.316253,27.635844,2149.420039,12810017
72,pperpot_6K-2.tif:0072-0226,0.088762,23745.903592,13750,34029,5.442767,2.923429,5.442647,2.92525,1.174478,0.374133,0.302073,102.178001,2107.734769,12561583
73,pperpot_6K-2.tif:0073-0226,0.082386,23478.796334,9645,35740,6.529349,2.910004,6.528326,2.909123,1.116917,0.371911,0.282049,131.324269,1934.32261,11528089
74,pperpot_6K-2.tif:0074-0247,0.020974,15665.944,8759,24191,12.896102,3.208779,12.895923,3.208405,0.529409,0.165733,0.161132,130.615129,328.577764,1958243
75,pperpot_6K-2.tif:0075-0262,0.120139,25729.53352,13569,42790,11.390325,3.413942,11.388829,3.415822,1.327316,0.432384,0.353773,87.325574,3091.124677,18422346
76,pperpot_6K-2.tif:0076-0264,0.105709,24744.033333,12381,38365,10.840237,3.43682,10.840898,3.43906,1.257183,0.425326,0.316447,85.925149,2615.668058,15588741
77,pperpot_6K-2.tif:0077-0265,0.101011,26492.096346,13249,47987,4.36863,3.449859,4.368329,3.448561,1.238864,0.41066,0.313182,96.179661,2675.989497,15948242
78,pperpot_6K-2.tif:0078-0264,0.093796,24789.488372,13479,35927,4.899223,3.429759,4.900192,3.429107,1.19594,0.42706,0.279643,80.146897,2325.149912,13857324
79,pperpot_6K-2.tif:0079-0261,0.074164,19667.18552,10240,31224,11.96888,3.380531,11.967406,3.380239,1.06196,0.330084,0.286074,126.520366,1458.599537,8692896
80,pperpot_6K-2.tif:0080-0266,0.100675,23708.736667,12288,35156,5.43389,3.445923,5.433071,3.444852,1.24515,0.405802,0.315878,91.072344,2386.883657,14225242
81,pperpot_6K-2.tif:0081-0264,0.088091,22274.318095,10306,32489,8.164517,3.438552,8.165155,3.438792,1.13784,0.396009,0.283228,93.396656,1962.164022,11694017
82,pperpot_6K-2.tif:0082-0264,0.084903,23334.34585,12288,35788,6.513773,3.425576,6.513229,3.424567,1.0999,0.360869,0.299559,65.36893,1981.151715,11807179
83,pperpot_6K-2.tif:0083-0265,0.08893,22512.911321,10266,34816,7.614264,3.442908,7.613349,3.442464,1.12895,0.375886,0.301232,84.946067,2002.069353,11931843
84,pperpot_6K-2.tif:0084-0265,0.09044,23327.320965,12220,37038,8.710313,3.448829,8.710711,3.449644,1.154857,0.382835,0.300787,65.271056,2109.721932,12573426
85,pperpot_6K-2.tif:0085-0264,0.09497,24174.722615,13136,36864,9.255545,3.436535,9.257367,3.437453,1.173176,0.367549,0.32899,77.218078,2295.881763,13682893
86,pperpot_6K-2.tif:0086-0265,0.099669,26900.580808,17117,40888,2.745327,3.440801,2.7471,3.440291,1.197781,0.369515,0.343428,16.523959,2681.141219,15978945
87,pperpot_6K-2.tif:0087-0266,0.097152,25761.711572,13397,42596,3.801796,3.45382,3.803304,3.453136,1.162445,0.381093,0.324585,92.464067,2502.792615,14916031
88,pperpot_6K-2.tif:0088-0265,0.084399,23521.932406,11572,34443,10.301439,3.441307,10.301675,3.440487,1.096757,0.358858,0.299452,94.57864,1985.237957,11831532
89,pperpot_6K-2.tif:0089-0269,0.12618,23468.835106,7380,35512,1.730631,3.468565,1.73405,3.472851,1.382273,0.407245,0.394497,60.759936,2961.290147,17648564
90,pperpot_6K-2.tif:0090-0266,0.115441,26954.747093,13149,40214,2.193277,3.436866,2.195955,3.437504,1.35008,0.454642,0.323296,166.184948,3111.682569,18544866
91,pperpot_6K-2.tif:0091-0266,0.09044,26299.615955,16511,38746,3.273344,3.450439,3.27289,3.449141,1.139681,0.360486,0.319434,66.45823,2378.536166,14175493
92,pperpot_6K-2.tif:0092-0267,0.093292,23357.273381,12484,37830,5.99638,3.44124,5.996973,3.441582,1.192797,0.39784,0.298571,93.065835,2179.05666,12986644
93,pperpot_6K-2.tif:0093-0265,0.088594,22703.17803,12288,33637,7.056152,3.438923,7.055302,3.438457,1.118219,0.341931,0.329896,160.517076,2011.37091,11987278
94,pperpot_6K-2.tif:0094-0269,0.101346,23858.27649,13611,33754,9.761097,3.462584,9.760458,3.461658,1.275502,0.394958,0.326714,98.861186,2417.951544,14410399
95,pperpot_6K-2.tif:0095-0304,0.150677,26387.150334,15529,43420,1.672569,3.961393,1.679172,3.964074,1.492186,0.44896,0.427317,93.417797,3975.945434,23695661
96,pperpot_6K-2.tif:0096-0304,0.114099,21481.495588,11910,36855,11.957472,3.939985,11.955283,3.945386,1.338047,0.450354,0.322579,77.047981,2451.009614,14607417
97,pperpot_6K-2.tif:0097-0304,0.09648,23487.558261,10576,36864,9.754462,3.966564,9.755141,3.967642,1.295123,0.436182,0.281632,79.339224,2266.090774,13505346
98,pperpot_6K-2.tif:0098-0306,0.104534,23667.958266,14936,36408,5.977149,3.970069,5.976223,3.970832,1.296964,0.432361,0.307839,94.329978,2474.118114,14745138
99,pperpot_6K-2.tif:0099-0305,0.093964,23530.492857,15387,35150,6.524172,3.9682,6.523169,3.967882,1.214259,0.431347,0.27736,82.306574,2211.009651,13177076
100,pperpot_6K-2.tif:0100-0306,0.122153,25624.824176,12171,39117,11.381999,3.958047,11.382827,3.959914,1.348778,0.447566,0.347501,76.449662,3130.14071,18654872
101,pperpot_6K-2.tif:0101-0306,0.102689,22612.815359,12290,33616,7.079891,3.969728,7.080316,3.970699,1.218704,0.434528,0.300895,92.263743,2322.082504,13839043
102,pperpot_6K-2.tif:0102-0308,0.093628,23241.722222,14147,38400,9.213508,3.984094,9.211893,3.983161,1.25404,0.401376,0.297005,98.788758,2176.076168,12968881
103,pperpot_6K-2.tif:0103-0306,0.096648,24051.184028,12580,37576,10.284013,3.975183,10.283804,3.975454,1.199083,0.389685,0.315784,102.259665,2324.505255,13853482
104,pperpot_6K-2.tif:0104-0305,0.089937,27149.664179,16800,42959,2.766555,3.964725,2.766266,3.966489,1.124505,0.364551,0.314115,118.734382,2441.747992,14552220
105,pperpot_6K-2.tif:0105-0307,0.10185,26181.667216,15506,40474,3.308798,3.976467,3.308651,3.976733,1.206671,0.408039,0.31781,94.964689,2666.598172,15892272
106,pperpot_6K-2.tif:0106-0306,0.086077,24629.709552,14336,36652,4.913212,3.97223,4.914123,3.97219,1.115076,0.350335,0.312835,113.428641,2120.060444,12635041
107,pperpot_6K-2.tif:0107-0309,0.106716,27891.459119,14529,38748,2.227221,3.995674,2.229081,3.994412,1.221847,0.376269,0.36111,103.200918,2976.459227,17738968
108,pperpot_6K-2.tif:0108-0308,0.085406,24568.59332,12794,40216,4.380369,3.991511,4.380759,3.989813,1.116917,0.346997,0.313381,74.077959,2098.310053,12505414
109,pperpot_6K-2.tif:0109-0307,0.078023,22411.746237,11069,34794,7.616899,3.979428,7.616078,3.978854,1.063262,0.346052,0.287074,117.0897,1748.639308,10421462
110,pperpot_6K-2.tif:0110-0308,0.085406,23768.062868,12149,32413,5.46818,3.992096,5.469103,3.991771,1.084724,0.339545,0.32026,35.248694,2029.939794,12097944
111,pperpot_6K-2.tif:0111-0308,0.068459,22244.181373,12523,35157,8.679231,3.998238,8.679798,3.996531,1.011448,0.34819,0.250338,74.072277,1522.818619,9075626
112,pperpot_6K-2.tif:0112-0309,0.09044,25741.640074,11814,37955,3.834573,3.999147,3.834423,4.000125,1.125807,0.348033,0.330864,65.383944,2328.072851,13874744
113,pperpot_6K-2.tif:0113-0310,0.077184,22385.434783,12631,32968,8.137279,4.007463,8.137915,4.008756,1.081581,0.326311,0.301168,62.637042,1727.805902,10297300
114,pperpot_6K-2.tif:0114-0313,0.094299,23994.738434,8939,34778,10.819965,4.032998,10.818634,4.033119,1.25404,0.384537,0.312234,86.278453,2262.68409,13485043
115,pperpot_6K-2.tif:0115-0346,0.118965,25422.039492,10663,41878,11.379176,4.494074,11.380116,4.492687,1.310299,0.432141,0.350511,92.944752,3024.323275,18024226
116,pperpot_6K-2.tif:0116-0350,0.096816,23804.095321,11733,34796,10.840284,4.524585,10.842096,4.523337,1.301409,0.438986,0.280806,95.596178,2304.618699,13734963
117,pperpot_6K-2.tif:0117-0350,0.150006,25147.687919,10409,37950,1.151583,4.524597,1.155456,4.52783,1.466279,0.455448,0.419354,87.111106,3772.308207,22482033
118,pperpot_6K-2.tif:0118-0348,0.12081,28638.193056,12267,44501,1.668028,4.515414,1.668687,4.516851,1.324173,0.426206,0.360907,102.295992,3459.78966,20619499
119,pperpot_6K-2.tif:0119-0346,0.087252,23707.655769,13433,36475,5.968631,4.503146,5.967339,4.503108,1.168731,0.374606,0.296558,71.327144,2068.538192,12327981
120,pperpot_6K-2.tif:0120-0347,0.115777,22713.015942,8923,36864,11.940988,4.500802,11.94028,4.502089,1.264771,0.410491,0.35911,82.389512,2629.635075,15671981
121,pperpot_6K-2.tif:0121-0350,0.101011,22558.151163,11549,35154,7.618076,4.523168,7.617963,4.522127,1.252738,0.419401,0.306654,105.077106,2278.618302,13580007
122,pperpot_6K-2.tif:0122-0347,0.083225,22522.090726,12447,35488,8.158773,4.515143,8.158284,4.515972,1.121362,0.343191,0.308764,81.153682,1874.398671,11170957
123,pperpot_6K-2.tif:0123-0347,0.090943,23874.765683,14336,32422,10.299267,4.509907,10.300402,4.509889,1.173176,0.373998,0.309608,68.232417,2171.250802,12940123
124,pperpot_6K-2.tif:0124-0350,0.100843,27088.03827,16725,39998,2.761081,4.526502,2.760505,4.525553,1.202226,0.405213,0.316864,89.075203,2731.640945,16279911
125,pperpot_6K-2.tif:0125-0349,0.107555,26952.082683,15939,50078,3.285501,4.528689,3.284476,4.52979,1.249595,0.376852,0.363387,107.502998,2898.824661,17276285
126,pperpot_6K-2.tif:0126-0347,0.08591,24565.701172,10526,35962,4.898407,4.504869,4.899244,4.504391,1.0999,0.349892,0.312621,121.940777,2110.42884,12577639
127,pperpot_6K-2.tif:0127-0350,0.101514,26262.892562,13166,36864,3.805587,4.528176,3.805774,4.52841,1.235721,0.409908,0.31532,125.905704,2666.057545,15889050
128,pperpot_6K-2.tif:0128-0349,0.097152,25557.57513,15213,36470,4.339197,4.518375,4.338543,4.518988,1.16689,0.356782,0.346703,146.098271,2482.960424,14797836
129,pperpot_6K-2.tif:0129-0350,0.1094,24099.765337,12883,41163,5.437831,4.520221,5.436934,4.518523,1.29198,0.378754,0.367767,146.538893,2636.525627,15713047
130,pperpot_6K-2.tif:0130-0348,0.102689,23233.872549,13952,33952,9.755225,4.52353,9.757159,4.522998,1.255342,0.393457,0.332304,166.770783,2385.858111,14219130
131,pperpot_6K-2.tif:0131-0349,0.095809,28207.50613,16384,41615,2.200239,4.521903,2.200717,4.523255,1.173176,0.381435,0.319814,162.309229,2702.541595,16106486
132,pperpot_6K-2.tif:0132-0353,0.106884,23255.529042,14625,33317,6.530242,4.547183,6.531613,4.544884,1.28309,0.408137,0.333438,94.086842,2485.634359,14813772
133,pperpot_6K-2.tif:0133-0349,0.084567,21858.700397,10246,32548,8.704365,4.506596,8.705008,4.505946,1.12895,0.373422,0.288345,37.105909,1848.529822,11016785
134,pperpot_6K-2.tif:0134-0350,0.073493,22369.141553,12061,33691,9.247972,4.544949,9.249124,4.542754,1.063262,0.365838,0.25578,92.402109,1643.974269,9797684
135,pperpot_6K-2.tif:0135-0350,0.079533,22906.512658,14336,34816,7.040397,4.536662,7.040536,4.537072,1.0418,0.325533,0.311075,110.503232,1821.83443,10857687
136,pperpot_6K-2.tif:0136-0386,0.095977,22424.005245,11269,34185,8.143922,5.041229,8.143041,5.043154,1.273661,0.423137,0.2888,78.219044,2152.190959,12826531
137,pperpot_6K-2.tif:0137-0387,0.125509,23509.639037,10427,36864,11.942501,5.027051,11.941478,5.028236,1.342492,0.456862,0.349783,85.227065,2950.659845,17585210
138,pperpot_6K-2.tif:0138-0389,0.149503,28288.251403,13188,47096,1.130811,5.060187,1.134826,5.063449,1.467581,0.473015,0.402425,93.869628,4229.172451,25204832
139,pperpot_6K-2.tif:0139-0387,0.113427,25506.390533,11859,41306,11.375208,5.027744,11.374076,5.028608,1.301409,0.425106,0.339728,82.200852,2893.125601,17242320
140,pperpot_6K-2.tif:0140-0388,0.101011,25736.546512,13149,40712,4.915946,5.056519,4.916873,5.059232,1.243309,0.407719,0.31544,82.431902,2599.670757,15493401
141,pperpot_6K-2.tif:0141-0390,0.106884,23700.637363,12302,37164,5.989857,5.057248,5.989625,5.059967,1.238864,0.423553,0.321302,97.796419,2533.209133,15097306
142,pperpot_6K-2.tif:0142-0387,0.076513,22603.574561,11553,33767,6.503006,5.05415,6.503244,5.053671,1.133395,0.342935,0.284076,56.173764,1729.472077,10307230
143,pperpot_6K-2.tif:0143-0389,0.098158,22432.345299,8726,33721,7.050436,5.053853,7.049584,5.054695,1.206671,0.400029,0.312425,69.982062,2201.923036,13122922
144,pperpot_6K-2.tif:0144-0389,0.095474,22878.782074,12733,34151,7.600005,5.057689,7.602071,5.058204,1.205369,0.386566,0.314464,126.646924,2184.32248,13018027
145,pperpot_6K-2.tif:0145-0389,0.092621,22625.672101,13019,32768,9.215824,5.055064,9.216534,5.055921,1.168731,0.369565,0.319102,47.906577,2095.618164,12489371
146,pperpot_6K-2.tif:0146-0392,0.107555,26146.564743,11277,45654,4.374784,5.073765,4.378456,5.072294,1.257183,0.410662,0.333469,82.488902,2812.187376,16759948
147,pperpot_6K-2.tif:0147-0390,0.102185,23340.490969,12520,35111,9.767558,5.051265,9.767143,5.051938,1.235721,0.401424,0.324112,110.482873,2385.057575,14214359
148,pperpot_6K-2.tif:0148-0389,0.08742,23887.506718,12834,35914,10.286054,5.0586,10.285601,5.059243,1.113774,0.360619,0.308653,70.998867,2088.238666,12445391
149,pperpot_6K-2.tif:0149-0390,0.112589,27784.022355,13075,42992,2.738325,5.066897,2.737631,5.067093,1.290678,0.419555,0.341677,12.081941,3128.161938,18643079
150,pperpot_6K-2.tif:0150-0391,0.098997,27681.083051,16795,40454,2.235526,5.067877,2.235241,5.070398,1.194638,0.363846,0.346431,168.415574,2740.354055,16331839
151,pperpot_6K-2.tif:0151-0390,0.08054,24471.070833,13418,34786,5.449818,5.05274,5.450939,5.052601,1.095455,0.336963,0.304328,106.186389,1970.905489,11746114
152,pperpot_6K-2.tif:0152-0392,0.085574,23360.386275,11270,35045,10.82193,5.085605,10.824341,5.08692,1.12895,0.392671,0.277474,63.925721,1999.041377,11913797
153,pperpot_6K-2.tif:0153-0393,0.09195,26828.14781,14990,41534,3.309822,5.086999,3.309713,5.087241,1.136538,0.373645,0.313331,80.197514,2466.850534,14701825
154,pperpot_6K-2.tif:0154-0392,0.097655,26589.955326,15595,40268,3.820314,5.073305,3.819744,5.071888,1.176319,0.37033,0.335749,34.396013,2596.642612,15475354
155,pperpot_6K-2.tif:0155-0393,0.102857,29976.262643,16919,44614,1.679628,5.076415,1.679938,5.075872,1.209814,0.376362,0.347965,22.553394,3083.25573,18375449
156,pperpot_6K-2.tif:0156-0392,0.081044,21892.320911,11592,35944,8.677384,5.069376,8.676335,5.067274,1.082883,0.334394,0.308582,85.031526,1774.232474,10573991
157,pperpot_6K-2.tif:0157-0432,0.111078,29312.228097,16817,41932,1.652447,5.60875,1.652451,5.60986,1.356366,0.465962,0.303521,80.446141,3255.955109,19404695
158,pperpot_6K-2.tif:0158-0430,0.111917,24045.158921,14061,36594,11.394433,5.573183,11.395709,5.57302,1.272359,0.430098,0.331315,75.52474,2691.070486,16038121
159,pperpot_6K-2.tif:0159-0430,0.108562,25767.088099,12288,40854,4.339459,5.574983,4.339157,5.575068,1.258485,0.421654,0.327816,83.033719,2797.313946,16671306
160,pperpot_6K-2.tif:0160-0431,0.08893,23513.492453,11002,34554,5.980148,5.591276,5.981458,5.589282,1.158,0.398814,0.283914,62.485422,2091.050862,12462151
161,pperpot_6K-2.tif:0161-0431,0.109904,22181.847328,9100,36802,11.937385,5.588053,11.932982,5.589959,1.275502,0.384576,0.363865,44.725785,2437.870316,14529110
162,pperpot_6K-2.tif:0162-0434,0.156718,29376.728051,14719,45541,1.088881,5.625893,1.097651,5.624778,1.591369,0.512079,0.389665,3.69237,4603.857647,27437864
163,pperpot_6K-2.tif:0163-0431,0.094803,24195.961062,13041,39956,5.433105,5.583664,5.435149,5.583599,1.165588,0.36012,0.335184,106.720775,2293.838894,13670718
164,pperpot_6K-2.tif:0164-0432,0.092621,22890.039855,13177,33876,7.043585,5.597631,7.043057,5.597478,1.139681,0.379108,0.31107,101.538579,2120.104237,12635302
165,pperpot_6K-2.tif:0165-0432,0.088426,23634.442125,12625,34797,10.305043,5.600798,10.306677,5.599385,1.180764,0.394057,0.285715,94.694492,2089.909876,12455351
166,pperpot_6K-2.tif:0166-0433,0.096648,28794.168403,16994,44331,2.191249,5.61537,2.192211,5.614783,1.212957,0.391418,0.314386,112.376533,2782.906475,16585441
167,pperpot_6K-2.tif:0167-0432,0.080037,22384.748428,10240,32768,7.593294,5.585535,7.592155,5.584202,1.06196,0.335428,0.303809,92.910833,1791.604664,10677525
168,pperpot_6K-2.tif:0168-0430,0.038089,17470.088106,4635,28883,12.46782,5.593298,12.467049,5.595722,0.904678,0.319853,0.15162,54.212375,665.414928,3965710
169,pperpot_6K-2.tif:0169-0432,0.089769,27712.678505,16584,42787,2.735613,5.610265,2.736636,5.609296,1.121362,0.35124,0.325411,178.75046,2487.733607,14826283
170,pperpot_6K-2.tif:0170-0432,0.087755,27226.718929,16065,38510,3.271913,5.607647,3.271442,5.607539,1.106186,0.34664,0.322333,4.568107,2389.288454,14239574
171,pperpot_6K-2.tif:0171-0434,0.094131,25193.953654,14139,38720,4.902238,5.624076,4.901743,5.623785,1.158,0.378227,0.316878,90.37921,2371.541751,14133808
172,pperpot_6K-2.tif:0172-0438,0.099165,22047.113367,11196,34716,8.139146,5.639172,8.140666,5.636141,1.307156,0.457474,0.275996,88.278011,2186.30528,13029844
173,pperpot_6K-2.tif:0173-0433,0.091111,23219.677716,13185,34816,9.748361,5.601513,9.749284,5.60155,1.12895,0.359575,0.322621,60.808117,2115.570997,12608285
174,pperpot_6K-2.tif:0174-0432,0.084232,23516.316733,13075,35377,10.845478,5.607661,10.847271,5.607488,1.084724,0.337986,0.317312,124.864977,1980.818145,11805191
175,pperpot_6K-2.tif:0175-0434,0.074164,21871.443439,9574,34729,8.727965,5.615794,8.729754,5.617426,1.058817,0.325359,0.290229,88.908612,1622.076389,9667178
176,pperpot_6K-2.tif:0176-0437,0.102018,23090.110197,9192,38912,6.514632,5.657466,6.515334,5.656604,1.243309,0.412191,0.315128,89.584572,2355.597975,14038787
177,pperpot_6K-2.tif:0177-0434,0.079198,22753.966102,12707,32768,9.235652,5.627236,9.236247,5.626177,1.077136,0.339405,0.297102,103.998904,1802.066,10739872
178,pperpot_6K-2.tif:0178-0436,0.080708,26041.995842,13111,39842,3.807092,5.637542,3.808539,5.636614,1.066405,0.345503,0.297424,49.580592,2101.79778,12526200
179,pperpot_6K-2.tif:0179-0437,0.02735,22011.895706,8943,31248,0.666944,5.663801,0.665178,5.664596,0.628591,0.202478,0.171985,14.39798,602.027928,3587939
180,pperpot_6K-2.tif:0180-0473,0.113931,30883.497791,18171,43809,1.671407,6.143956,1.671251,6.145924,1.338047,0.435056,0.333431,96.581127,3518.583351,20969895
181,pperpot_6K-2.tif:0181-0472,0.105206,23921.76555,12552,39839,11.388911,6.117142,11.389192,6.115758,1.235721,0.408892,0.327597,93.241847,2516.705267,14998947
182,pperpot_6K-2.tif:0182-0472,0.109736,22719.571865,10012,36607,11.915737,6.120272,11.913484,6.12035,1.257183,0.414873,0.336779,86.331703,2493.156145,14858600
183,pperpot_6K-2.tif:0183-0471,0.092957,23272.99639,12547,36166,9.752973,6.108468,9.754866,6.107065,1.161143,0.366847,0.322632,43.525831,2163.384204,12893240
184,pperpot_6K-2.tif:0184-0474,0.098158,26425.22906,16579,44953,3.292515,6.145553,3.293486,6.145249,1.220545,0.401087,0.311601,93.207898,2593.858102,15458759
185,pperpot_6K-2.tif:0185-0472,0.078527,21854.940171,10963,36617,8.133998,6.133325,8.13453,6.134276,1.089169,0.353029,0.283216,83.12083,1716.1967,10228112
186,pperpot_6K-2.tif:0186-0473,0.092789,22890.415913,11017,39045,10.819383,6.13857,10.81848,6.137973,1.176319,0.383257,0.308259,95.595262,2123.9799,12658400
187,pperpot_6K-2.tif:0187-0477,0.137086,27061.50306,13624,42567,0.628909,6.167456,0.634158,6.169136,1.443515,0.42722,0.408556,93.785569,3709.757818,22109248
188,pperpot_6K-2.tif:0188-0475,0.109233,31224.044547,17136,48432,1.145048,6.161121,1.147003,6.162871,1.281788,0.380071,0.36593,113.387553,3410.685964,20326853
189,pperpot_6K-2.tif:0189-0474,0.102521,25427.389525,14127,42607,4.362804,6.145463,4.362138,6.146138,1.214259,0.37226,0.350653,96.103153,2606.841186,15536135
190,pperpot_6K-2.tif:0190-0473,0.084735,22729.322772,11933,34816,7.038128,6.142185,7.037586,6.14402,1.104345,0.376732,0.286379,81.530403,1925.96975,11478308
191,pperpot_6K-2.tif:0191-0473,0.09044,21888.324675,14336,36482,7.6029,6.13255,7.602561,6.13335,1.144126,0.363402,0.316872,84.977946,1979.579167,11797807
192,pperpot_6K-2.tif:0192-0473,0.08054,22524.677083,11349,36418,9.193583,6.124072,9.192815,6.126874,1.092312,0.353952,0.28972,68.544131,1814.142503,10811845
193,pperpot_6K-2.tif:0193-0475,0.087755,22629.470363,10543,36858,10.291697,6.131705,10.291047,6.129521,1.154857,0.376887,0.296464,86.006528,1985.8556,11835213
194,pperpot_6K-2.tif:0194-0475,0.113427,28254.007396,15017,42890,2.237059,6.155231,2.23583,6.154115,1.266073,0.387273,0.372916,102.390383,3204.780858,19099709
195,pperpot_6K-2.tif:0195-0475,0.09883,27365.139219,16384,38035,2.742252,6.143866,2.741595,6.142526,1.173176,0.378442,0.332504,62.980775,2704.484796,16118067
196,pperpot_6K-2.tif:0196-0474,0.096145,24846.022688,14356,36994,4.904105,6.141602,4.904793,6.141718,1.162445,0.369446,0.331349,72.181193,2388.818132,14236771
197,pperpot_6K-2.tif:0197-0475,0.099501,24202.408094,12365,37832,5.445532,6.164198,5.447244,6.163223,1.217402,0.386247,0.327998,79.40832,2408.15735,14352028
198,pperpot_6K-2.tif:0198-0475,0.093628,24123.33871,11979,38005,5.983593,6.154867,5.983939,6.155158,1.18705,0.371428,0.320952,97.243766,2258.620165,13460823
199,pperpot_6K-2.tif:0199-0476,0.091615,23263.59707,13853,34816,6.512649,6.155242,6.51223,6.155213,1.159302,0.38809,0.300568,75.572296,2131.282885,12701924
200,pperpot_6K-2.tif:0200-0476,0.095977,26244.188811,16458,37758,3.816968,6.156019,3.81758,6.156963,1.154857,0.366556,0.333379,134.356823,2518.841093,15011676
201,pperpot_6K-2.tif:0201-0476,0.085238,22416.692913,10898,34807,8.675197,6.160135,8.676131,6.158388,1.124505,0.356618,0.304329,100.516739,1910.763084,11387680
202,pperpot_6K-2.tif:0202-0475,0.031881,18053.568421,6791,25122,12.472546,6.150644,12.472334,6.150874,0.669674,0.235953,0.172032,109.796011,575.556873,3430178
203,pperpot_6K-2.tif:0203-0513,0.078023,22017.845161,10476,34254,8.681423,6.685448,8.680297,6.686535,1.25404,0.400652,0.247952,90.562673,1717.90583,10238298
204,pperpot_6K-2.tif:0204-0513,0.117958,23324.613087,14336,37330,11.383226,6.656448,11.382855,6.655777,1.327316,0.445019,0.337488,85.496228,2751.32162,16397203
205,pperpot_6K-2.tif:0205-0515,0.16645,29623.180444,14336,50199,0.600717,6.693374,0.607166,6.694199,1.588226,0.465107,0.45566,177.977597,4930.772256,29386195
206,pperpot_6K-2.tif:0206-0514,0.100004,23088.755034,6855,32983,9.723767,6.676009,9.722696,6.677227,1.301409,0.436946,0.291407,105.333501,2308.970388,13760898
207,pperpot_6K-2.tif:0207-0514,0.103528,20481.251216,9757,33852,11.939385,6.654121,11.938164,6.654278,1.272359,0.428902,0.307333,96.825942,2120.377739,12636932
208,pperpot_6K-2.tif:0208-0517,0.106212,22898.025276,13928,35123,7.054264,6.68244,7.054345,6.683118,1.322871,0.44769,0.30207,93.789454,2432.054641,14494450
209,pperpot_6K-2.tif:0209-0513,0.086581,22476.563953,10648,35917,10.284169,6.66079,10.285342,6.661005,1.12895,0.388269,0.283922,79.524178,1946.037521,11597907
210,pperpot_6K-2.tif:0210-0518,0.110407,25040.197568,13952,38051,4.339665,6.690423,4.339086,6.688338,1.379129,0.447691,0.313999,87.422954,2764.618643,16476450
211,pperpot_6K-2.tif:0211-0516,0.097991,22572.791096,11584,34672,8.147349,6.680925,8.147726,6.680818,1.191495,0.389395,0.320409,80.620917,2211.921433,13182510
212,pperpot_6K-2.tif:0212-0516,0.124502,31573.504043,18432,49380,1.120073,6.689083,1.120184,6.688021,1.351921,0.426628,0.371566,5.72248,3930.95684,23427540
213,pperpot_6K-2.tif:0213-0516,0.082554,23662.445122,12288,38085,5.959092,6.695228,5.958523,6.695578,1.106186,0.372478,0.282193,83.942177,1953.423059,11641923
214,pperpot_6K-2.tif:0214-0517,0.101514,26957.168595,10722,41996,3.260386,6.682626,3.262292,6.683232,1.212957,0.371447,0.347969,81.868139,2736.536448,16309087
215,pperpot_6K-2.tif:0215-0517,0.098326,25621.704778,14780,40059,3.797486,6.695303,3.797268,6.695989,1.243309,0.37946,0.329923,60.669531,2519.284568,15014319
216,pperpot_6K-2.tif:0216-0516,0.099669,24131.375421,12585,40421,4.883673,6.695456,4.884178,6.695413,1.183907,0.370441,0.342569,110.480024,2405.138602,14334037
217,pperpot_6K-2.tif:0217-0516,0.090608,25077.914815,13714,38912,5.428555,6.682162,5.430691,6.683372,1.136538,0.344771,0.334614,96.665727,2272.253443,13542074
218,pperpot_6K-2.tif:0218-0517,0.096145,23843.443281,12221,34926,6.502558,6.692497,6.504196,6.69432,1.180764,0.38612,0.31704,79.713239,2292.425245,13662293
219,pperpot_6K-2.tif:0219-0517,0.094803,28526.366372,15048,43008,2.206318,6.701444,2.20606,6.701661,1.174478,0.357738,0.337415,111.108013,2704.372375,16117397
220,pperpot_6K-2.tif:0220-0517,0.091615,26309.849817,12915,36375,2.737854,6.705503,2.737114,6.705876,1.168731,0.379389,0.30746,55.496441,2410.363816,14365178
221,pperpot_6K-2.tif:0221-0518,0.092453,22863.130672,12534,35755,7.605362,6.712326,7.603939,6.712179,1.165588,0.374756,0.314112,96.045398,2113.775622,12597585
222,pperpot_6K-2.tif:0222-0516,0.07903,22758.348195,13554,35246,9.22263,6.677976,9.22333,6.679334,1.07085,0.335393,0.300019,104.439404,1798.594381,10719182
223,pperpot_6K-2.tif:0223-0517,0.093964,23129.964286,10919,35003,10.813849,6.695435,10.814529,6.693999,1.147269,0.364643,0.328097,115.042992,2173.374547,12952780
224,pperpot_6K-2.tif:0224-0518,0.106212,30072.581359,19206,50656,1.643524,6.703006,1.643279,6.703608,1.267914,0.414652,0.326138,170.880121,3194.081593,19035944
225,pperpot_6K-2.tif:0225-0520,0.027182,17006.697531,8971,25161,12.527035,6.739637,12.52457,6.737848,0.878771,0.363608,0.095184,115.386949,462.281581,2755085
226,pperpot_6K-2.tif:0226-0553,0.111414,23221.024096,12887,32659,9.208954,7.182069,9.207525,7.182641,1.3697,0.475497,0.298333,90.133895,2587.146584,15418760
227,pperpot_6K-2.tif:0227-0555,0.089433,22937.746717,11669,35019,7.066696,7.213777,7.06773,7.212516,1.214259,0.429846,0.264908,80.367535,2051.396213,12225819
228,pperpot_6K-2.tif:0228-0557,0.104702,26180.020833,13818,42682,2.760208,7.232992,2.761251,7.234282,1.301409,0.417281,0.319475,91.598098,2741.108113,16336333
229,pperpot_6K-2.tif:0229-0557,0.108394,24928.020124,9937,38781,4.344743,7.232342,4.344778,7.232092,1.293821,0.425477,0.324368,96.222196,2702.040735,16103501
230,pperpot_6K-2.tif:0230-0554,0.083393,22256.022133,11095,36074,8.663011,7.180139,8.663715,7.180723,1.098598,0.366845,0.289438,82.609246,1855.989525,11061243
231,pperpot_6K-2.tif:0231-0560,0.148664,30163.17833,14330,49203,0.588739,7.247914,0.594709,7.246802,1.473867,0.455949,0.415145,92.71999,4484.173534,26724576
232,pperpot_6K-2.tif:0232-0553,0.0745,19653.628378,10515,31933,11.928124,7.172016,11.925404,7.171619,1.020338,0.326326,0.290679,58.332116,1464.189532,8726211
233,pperpot_6K-2.tif:0233-0556,0.092118,25029.15847,15556,38848,3.264685,7.208034,3.265324,7.208436,1.164286,0.346787,0.338213,112.917537,2305.633003,13741008
234,pperpot_6K-2.tif:0234-0558,0.103863,25646.778675,13827,39900,3.822286,7.215988,3.821223,7.214824,1.238864,0.391541,0.33775,62.23885,2663.7598,15875356
235,pperpot_6K-2.tif:0235-0557,0.092286,23045.781818,12523,34313,10.821674,7.217856,10.822307,7.219174,1.151714,0.377293,0.311434,80.506411,2126.795452,12675180
236,pperpot_6K-2.tif:0236-0557,0.117287,24269.160229,11247,39327,11.375779,7.218719,11.372911,7.218691,1.276804,0.403219,0.370355,25.015527,2846.44969,16964143
237,pperpot_6K-2.tif:0237-0558,0.105038,30724.166134,16490,45699,1.693448,7.229728,1.692536,7.231695,1.212957,0.375101,0.35654,53.017283,3227.201075,19233328
238,pperpot_6K-2.tif:0238-0558,0.093292,22597.255396,9077,35657,7.599348,7.224606,7.598862,7.224721,1.159302,0.386244,0.307535,104.291789,2108.15274,12564074
239,pperpot_6K-2.tif:0239-0558,0.080037,23120.301887,10593,36150,10.263635,7.226985,10.264107,7.225566,1.107488,0.386879,0.263405,105.960056,1850.476043,11028384
240,pperpot_6K-2.tif:0240-0558,0.095977,24234.645105,13718,36864,5.43486,7.222437,5.435635,7.222096,1.194638,0.368533,0.33159,114.32473,2325.970919,13862217
241,pperpot_6K-2.tif:0241-0559,0.093964,24326.094643,12152,38248,6.510525,7.240383,6.510366,7.238788,1.188352,0.38656,0.309494,118.969924,2285.767253,13622613
242,pperpot_6K-2.tif:0242-0560,0.077017,22148.176471,11792,35649,8.118899,7.243087,8.118017,7.242131,1.132093,0.38362,0.255619,83.407155,1705.776976,10166013
243,pperpot_6K-2.tif:0243-0559,0.106716,32725.66195,20480,51369,1.154854,7.23687,1.154068,7.235685,1.221847,0.380766,0.356846,7.705251,3492.345024,20813521
244,pperpot_6K-2.tif:0244-0558,0.081547,24345.292181,14597,36545,4.895448,7.228644,4.895992,7.227108,1.067707,0.347129,0.299108,103.655336,1985.284939,11831812
245,pperpot_6K-2.tif:0245-0560,0.098326,23851.610922,12245,37426,5.969313,7.253695,5.971423,7.253293,1.19594,0.382214,0.327546,110.081224,2345.237986,13977044
246,pperpot_6K-2.tif:0246-0556,0.076681,24009.459519,13448,36864,9.755954,7.196157,9.756019,7.194973,1.07085,0.375862,0.259759,0.345759,1841.069449,10972323
247,pperpot_6K-2.tif:0247-0560,0.088762,27584.457467,16653,46788,2.232635,7.249102,2.232055,7.248808,1.107488,0.339276,0.333107,52.200867,2448.45263,14592178
248,pperpot_6K-2.tif:0248-0600,0.164772,31051.011202,14336,53296,0.565494,7.781653,0.570173,7.782232,1.540857,0.493104,0.425456,110.608624,5116.333237,30492093
249,pperpot_6K-2.tif:0249-0598,0.091279,24028.003676,12785,36606,8.694439,7.751693,8.693667,7.748777,1.25404,0.42713,0.272095,111.307813,2193.250196,13071234
250,pperpot_6K-2.tif:0250-0599,0.107387,24061.853125,12560,39726,9.216589,7.774889,9.217623,7.775007,1.296964,0.402933,0.339335,97.240843,2583.929338,15399586
251,pperpot_6K-2.tif:0251-0599,0.096984,27449.320069,12657,41438,2.729258,7.773152,2.728869,7.773993,1.194638,0.396827,0.311178,107.509396,2662.140774,15865707
252,pperpot_6K-2.tif:0252-0600,0.119132,22958.225352,9362,36721,11.375637,7.76352,11.373529,7.76187,1.338047,0.402486,0.376868,81.76491,2735.068771,16300340
253,pperpot_6K-2.tif:0253-0598,0.085742,23488.972603,10937,34515,8.148119,7.76598,8.148656,7.765718,1.132093,0.352994,0.309268,61.365404,2013.986286,12002865
254,pperpot_6K-2.tif:0254-0600,0.109065,33292.249231,19476,47092,1.132272,7.771658,1.131923,7.772305,1.242007,0.378544,0.366842,50.08933,3631.01532,21639962
255,pperpot_6K-2.tif:0255-0600,0.109904,32294.006107,18213,46785,1.666181,7.769298,1.666135,7.769618,1.250897,0.391122,0.357775,117.264649,3549.235449,21152574
256,pperpot_6K-2.tif:0256-0600,0.104199,25052.041868,13832,36666,3.785445,7.766913,3.786473,7.766502,1.214259,0.386902,0.342904,121.540282,2610.395526,15557318
257,pperpot_6K-2.tif:0257-0599,0.076681,22234.916849,10418,32102,9.754508,7.739267,9.755313,7.739212,1.106186,0.320959,0.304192,113.406086,1704.995736,10161357
258,pperpot_6K-2.tif:0258-0599,0.089769,23051.693458,12288,32868,10.301185,7.770902,10.301684,7.771768,1.12895,0.352348,0.324387,82.689063,2069.32262,12332656
259,pperpot_6K-2.tif:0259-0598,0.050505,17383.395349,10456,24576,11.937474,7.745717,11.937116,7.744041,0.907821,0.333056,0.193077,75.054898,877.955877,5232402
260,pperpot_6K-2.tif:0260-0601,0.084735,24050.843564,10374,38024,4.352709,7.773423,4.353882,7.771942,1.144126,0.372873,0.289342,86.601844,2037.948848,12145676
261,pperpot_6K-2.tif:0261-0600,0.09346,24160.802513,14692,38111,6.499974,7.782599,6.499711,7.784488,1.162445,0.367093,0.324161,109.237887,2258.073833,13457567
262,pperpot_6K-2.tif:0262-0600,0.082722,22560.245436,12737,30925,7.044199,7.761001,7.043758,7.760815,1.092312,0.347585,0.303017,95.752306,1866.217798,11122201
263,pperpot_6K-2.tif:0263-0598,0.0745,22822.831081,12339,34593,7.601085,7.757576,7.602636,7.759184,1.037355,0.335002,0.28315,142.063736,1700.294201,10133337
264,pperpot_6K-2.tif:0264-0601,0.110575,23258.905918,12288,34134,10.822498,7.774366,10.82381,7.775755,1.240166,0.399275,0.35261,61.186787,2571.853842,15327619
265,pperpot_6K-2.tif:0265-0601,0.097319,28799.665517,17306,40960,2.216493,7.782819,2.21475,7.78197,1.170033,0.373621,0.331649,49.9233,2802.76719,16703806
266,pperpot_6K-2.tif:0266-0600,0.089433,24056.433396,14336,34814,4.870246,7.779039,4.870086,7.780034,1.096757,0.341235,0.333699,121.065434,2151.443948,12822079
267,pperpot_6K-2.tif:0267-0600,0.096984,25119.970588,14183,37437,5.969147,7.773062,5.968867,7.77399,1.159302,0.354765,0.348072,11.796265,2436.23149,14519343
268,pperpot_6K-2.tif:0268-0601,0.083057,25284.80404,15347,38019,3.253451,7.790093,3.251244,7.791106,1.096757,0.348486,0.30346,94.81666,2100.082609,12515978
269,pperpot_6K-2.tif:0269-0602,0.088426,24025.781784,11183,36386,5.414313,7.795341,5.414933,7.795918,1.113774,0.354355,0.317727,1.721457,2124.514654,12661587
270,pperpot_6K-2.tif:0270-0638,0.099333,20894.231419,9292,34192,11.37467,8.279537,11.374416,8.276937,1.205369,0.39619,0.319227,50.959547,2075.485458,12369385
271,pperpot_6K-2.tif:0271-0643,0.158564,31127.601058,15920,51200,0.582625,8.321776,0.587213,8.320839,1.481455,0.452753,0.445915,4.325832,4935.703331,29415583
272,pperpot_6K-2.tif:0272-0643,0.104031,23638.237097,14336,35277,7.618933,8.311901,7.620161,8.312048,1.250897,0.451559,0.293332,81.802233,2459.112296,14655707
273,pperpot_6K-2.tif:0273-0641,0.09346,27740.54219,15075,42374,2.756703,8.307435,2.756885,8.308275,1.150412,0.376056,0.316435,63.176883,2592.637079,15451482
274,pperpot_6K-2.tif:0274-0643,0.105373,31228.278662,17188,46185,1.698553,8.328848,1.698665,8.328831,1.238864,0.398921,0.336321,88.648034,3290.631701,19611359
275,pperpot_6K-2.tif:0275-0642,0.097319,25939.02931,15177,35831,3.267265,8.329187,3.266262,8.330771,1.173176,0.375506,0.329984,71.895046,2524.371689,15044637
276,pperpot_6K-2.tif:0276-0640,0.087252,23880.484615,14495,38029,4.894241,8.294051,4.895791,8.293415,1.110631,0.349039,0.318281,135.135482,2083.617839,12417852
277,pperpot_6K-2.tif:0277-0643,0.094467,23934.952043,14522,38509,5.953058,8.329501,5.953949,8.330721,1.212957,0.409878,0.293451,110.820805,2261.062379,13475378
278,pperpot_6K-2.tif:0278-0641,0.08893,24387.116981,14465,35893,6.508698,8.314117,6.507496,8.31471,1.133395,0.370576,0.305549,71.144387,2168.742142,12925172
279,pperpot_6K-2.tif:0279-0641,0.100004,23351.228188,10344,36068,10.826615,8.311231,10.829241,8.310944,1.191495,0.36171,0.35202,46.857923,2335.218782,13917332
280,pperpot_6K-2.tif:0280-0642,0.105206,32557.602871,17494,55910,1.153757,8.330118,1.151547,8.330497,1.212957,0.382606,0.350104,18.068843,3425.24428,20413617
281,pperpot_6K-2.tif:0281-0642,0.095809,29037.950963,16752,41808,2.224604,8.320919,2.224336,8.321939,1.154857,0.357463,0.341261,113.105707,2782.105938,16580670
282,pperpot_6K-2.tif:0282-0641,0.081547,23671.987654,14806,33736,8.122752,8.289841,8.122785,8.288349,1.095455,0.347199,0.299047,10.07643,1930.378991,11504586
283,pperpot_6K-2.tif:0283-0643,0.098997,23491.984746,13246,32768,8.6566,8.325957,8.656725,8.325025,1.229435,0.386725,0.325936,85.510117,2325.644395,13860271
284,pperpot_6K-2.tif:0284-0642,0.080205,22915.439331,13695,33743,9.202648,8.316663,9.202362,8.316347,1.095455,0.35691,0.286121,97.726799,1837.924521,10953580
285,pperpot_6K-2.tif:0285-0644,0.081715,24639.870637,14760,37666,3.814794,8.334408,3.814136,8.334399,1.153555,0.368272,0.282515,80.569569,2013.441297,11999617
286,pperpot_6K-2.tif:0286-0640,0.072486,24140.696759,12368,35551,4.352423,8.300619,4.352095,8.300669,0.997574,0.317101,0.29105,166.623043,1749.867379,10428781
287,pperpot_6K-2.tif:0287-0641,0.080708,22421.320166,11446,34816,7.032557,8.301646,7.031071,8.301821,1.07085,0.331914,0.3096,172.201451,1809.580235,10784655
288,pperpot_6K-2.tif:0288-0641,0.087755,22777.086042,6602,38595,10.276961,8.303973,10.277309,8.304491,1.133395,0.364917,0.306188,10.936385,1998.809656,11912416
289,pperpot_6K-2.tif:0289-0641,0.076849,23799.008734,12339,36079,5.431431,8.307439,5.432293,8.306555,1.037355,0.3316,0.295075,4.243814,1828.925158,10899946
290,pperpot_6K-2.tif:0290-0643,0.078191,22396.770386,11787,36942,9.724796,8.32421,9.723908,8.324676,1.044943,0.333053,0.29892,87.526715,1751.228844,10436895
291,pperpot_6K-2.tif:0291-0679,0.115273,22097.525473,9768,34447,8.667873,8.810644,8.668424,8.812315,1.415767,0.479375,0.30617,81.227443,2547.252328,15181000
292,pperpot_6K-2.tif:0292-0684,0.192793,29738.598782,13149,57643,0.585346,8.867162,0.588186,8.863842,1.686107,0.510102,0.481222,104.401653,5733.398359,34169650
293,pperpot_6K-2.tif:0293-0681,0.114099,25876.957353,14180,36283,3.806031,8.831574,3.804755,8.831717,1.290678,0.425461,0.341453,91.074378,2952.525861,17596331
294,pperpot_6K-2.tif:0294-0683,0.117454,22941.885714,8995,38243,10.820155,8.846455,10.819035,8.845196,1.308997,0.429854,0.347903,85.23999,2694.627511,16059320
295,pperpot_6K-2.tif:0295-0682,0.102689,29776.452614,14437,41393,2.204734,8.841245,2.20367,8.841176,1.194638,0.378666,0.345285,88.786095,3057.7077,18223189
296,pperpot_6K-2.tif:0296-0682,0.097319,28266.832759,15274,42969,2.735525,8.853444,2.734772,8.853518,1.208512,0.359364,0.344807,39.107863,2750.912207,16394763
297,pperpot_6K-2.tif:0297-0681,0.088259,24716.241445,11563,44433,4.905027,8.84246,4.90407,8.844418,1.124505,0.352307,0.318967,124.935275,2181.422361,13000743
298,pperpot_6K-2.tif:0298-0684,0.116112,24636.121387,14480,37111,7.051905,8.865577,7.049372,8.865155,1.302711,0.432101,0.342139,80.45126,2860.553122,17048196
299,pperpot_6K-2.tif:0299-0684,0.138596,31053.734867,12562,46943,1.12554,8.870219,1.127172,8.867232,1.411322,0.444244,0.397229,12.391519,4303.932738,25650385
300,pperpot_6K-2.tif:0300-0684,0.11779,30318.350427,18543,46749,1.662767,8.873748,1.663879,8.872172,1.298266,0.406609,0.368843,91.669616,3571.200781,21283482
301,pperpot_6K-2.tif:0301-0683,0.097823,25023.770154,17054,38744,6.504981,8.851446,6.504329,8.851774,1.177621,0.373927,0.333092,103.768665,2447.89556,14588858
302,pperpot_6K-2.tif:0302-0682,0.096145,23348.809773,8954,41268,10.277508,8.848965,10.278512,8.849389,1.165588,0.362094,0.338076,103.684457,2244.86876,13378868
303,pperpot_6K-2.tif:0303-0684,0.100507,25379.981636,15654,38701,4.349627,8.854771,4.350803,8.854331,1.220545,0.404639,0.316258,49.93059,2550.878148,15202609
304,pperpot_6K-2.tif:0304-0684,0.090943,23812,14623,39811,5.405178,8.863154,5.404223,8.863531,1.158,0.379416,0.305186,78.972274,2165.542682,12906104
305,pperpot_6K-2.tif:0305-0684,0.087923,23597.017176,10980,34829,5.955774,8.862861,5.954892,8.863424,1.193336,0.369434,0.303024,120.693038,2074.722339,12364837
306,pperpot_6K-2.tif:0306-0682,0.074332,23209.902935,11730,33855,7.61548,8.83366,7.616019,8.833848,1.026624,0.337081,0.28077,99.58522,1725.236501,10281987
307,pperpot_6K-2.tif:0307-0684,0.084567,21340.21627,8843,34813,9.22695,8.871193,9.225549,8.869437,1.158,0.380552,0.282942,84.401047,1804.683054,10755469
308,pperpot_6K-2.tif:0308-0684,0.073157,21833.488532,10379,34629,9.751252,8.857404,9.752523,8.85813,1.0418,0.325166,0.286459,97.220972,1597.280571,9519401
309,pperpot_6K-2.tif:0309-0686,0.088594,27163.892045,16432,46862,3.270013,8.882148,3.271743,8.881514,1.161143,0.364797,0.309217,166.119533,2406.564499,14342535
310,pperpot_6K-2.tif:0310-0685,0.054197,18176.377709,8784,30613,11.371474,8.86151,11.369291,8.86139,0.890804,0.278024,0.2482,113.403055,985.102562,5870970
311,pperpot_6K-2.tif:0311-0682,0.020638,22434.845528,15340,32732,8.09923,8.842211,8.096496,8.84278,0.526266,0.174903,0.150242,58.775197,463.020034,2759486
312,pperpot_6K-2.tif:0312-0724,0.165611,29820.179331,14533,52920,1.678654,9.404022,1.681684,9.404442,1.547143,0.49376,0.427054,117.516796,4938.544723,29432517
313,pperpot_6K-2.tif:0313-0720,0.096984,21467.50692,11088,32768,9.177706,9.353676,9.17867,9.354431,1.232578,0.415243,0.297377,72.725719,2082.001497,12408219
314,pperpot_6K-2.tif:0314-0725,0.11477,25169.366959,12189,39728,5.427784,9.396088,5.428581,9.396148,1.373383,0.436561,0.334729,77.731682,2888.68364,17215847
315,pperpot_6K-2.tif:0315-0727,0.109736,22493.941896,9869,36637,7.607484,9.410451,7.605843,9.408216,1.395607,0.485522,0.287773,93.29,2468.396403,14711038
316,pperpot_6K-2.tif:0316-0722,0.118293,23783.414184,12288,38671,10.27824,9.364736,10.27766,9.36442,1.319728,0.39506,0.381248,161.455051,2813.422158,16767307
317,pperpot_6K-2.tif:0317-0724,0.1094,20718.443252,8969,32451,10.821066,9.387543,10.818534,9.384809,1.28309,0.426584,0.326531,80.375159,2266.607406,13508425
318,pperpot_6K-2.tif:0318-0724,0.090776,26525.386322,10245,41999,3.817069,9.381741,3.81767,9.382025,1.154857,0.402409,0.287218,80.646444,2407.856331,14350234
319,pperpot_6K-2.tif:0319-0723,0.101346,25115.417219,14336,37513,7.046618,9.377126,7.046287,9.375277,1.220545,0.384429,0.335662,90.465451,2545.35829,15169712
320,pperpot_6K-2.tif:0320-0723,0.096313,24700.517422,15587,33916,5.999303,9.374785,5.999629,9.373697,1.188352,0.357567,0.342954,32.473444,2378.973097,14178097
321,pperpot_6K-2.tif:0321-0723,0.091447,23274.080734,8890,33599,9.729677,9.375655,9.729271,9.37491,1.133395,0.365352,0.318689,93.925182,2128.338133,12684374
322,pperpot_6K-2.tif:0322-0728,0.123159,30227.433243,16889,47595,2.21573,9.422195,2.217147,9.419514,1.348778,0.43068,0.364102,86.298275,3722.793253,22186936
323,pperpot_6K-2.tif:0323-0726,0.093628,28210.659498,17372,41880,2.763591,9.397712,2.761816,9.397555,1.168731,0.358595,0.332439,64.371597,2641.307871,15741548
324,pperpot_6K-2.tif:0324-0726,0.09346,27339.190305,15326,44634,3.285516,9.404224,3.286152,9.405573,1.144126,0.34888,0.341084,35.771702,2555.126644,15227929
325,pperpot_6K-2.tif:0325-0727,0.105038,25887.535144,11475,40566,4.88869,9.410606,4.890355,9.409402,1.250897,0.381175,0.350858,61.868594,2719.171641,16205597
326,pperpot_6K-2.tif:0326-0730,0.120475,24692.235376,13515,35548,6.506877,9.423318,6.507705,9.421836,1.426498,0.460598,0.33303,128.917646,2974.79087,17729025
327,pperpot_6K-2.tif:0327-0727,0.10185,25919.99341,14450,36708,4.36618,9.414423,4.366105,9.413575,1.185209,0.368056,0.352335,154.80682,2639.946741,15733436
328,pperpot_6K-2.tif:0328-0724,0.02886,20105.843023,12849,30640,8.150287,9.391183,8.149394,9.391609,0.643767,0.219166,0.167663,135.559109,580.259583,3458205
329,pperpot_6K-2.tif:0329-0765,0.10034,23710.448161,13668,37823,6.509699,9.926141,6.509549,9.923356,1.339349,0.480531,0.265865,84.58189,2379.099109,14178848
330,pperpot_6K-2.tif:0330-0764,0.134569,27965.962594,15568,45400,2.228447,9.916988,2.228435,9.915571,1.412624,0.457571,0.374454,128.063671,3763.359685,22428702
331,pperpot_6K-2.tif:0331-0762,0.099836,22209.557983,11903,33618,7.59346,9.888378,7.592032,9.890182,1.221847,0.392886,0.323543,76.372558,2217.320481,13214687
332,pperpot_6K-2.tif:0332-0763,0.086077,20297.187135,9402,31806,8.679513,9.896204,8.679858,9.895836,1.140983,0.381541,0.287249,82.777177,1747.12834,10412457
333,pperpot_6K-2.tif:0333-0764,0.08893,21921.492453,12352,38750,9.230342,9.908248,9.231125,9.90806,1.154857,0.395444,0.286334,76.813789,1949.474575,11618391
334,pperpot_6K-2.tif:0334-0764,0.090104,24236.312849,14752,37507,5.945288,9.914089,5.94505,9.912923,1.180764,0.368499,0.311329,109.704604,2183.797794,13014900
335,pperpot_6K-2.tif:0335-0766,0.10034,25251.698997,11468,37723,4.881765,9.934373,4.882422,9.934557,1.229435,0.406513,0.314274,80.719773,2533.747746,15100516
336,pperpot_6K-2.tif:0336-0767,0.097319,23814.191379,12572,40467,5.419214,9.929028,5.420086,9.929944,1.252738,0.411782,0.300914,91.947016,2317.583661,13812231
337,pperpot_6K-2.tif:0337-0765,0.095138,24188.171076,13874,37090,7.044592,9.9156,7.045038,9.91508,1.205369,0.353399,0.342768,127.425499,2301.217553,13714693
338,pperpot_6K-2.tif:0338-0766,0.105709,22237.330159,12407,37235,9.737137,9.911679,9.736284,9.909682,1.232578,0.392259,0.343122,133.904129,2350.686867,14009518
339,pperpot_6K-2.tif:0339-0766,0.110407,20560.81459,8722,31950,10.286858,9.918472,10.285827,9.91628,1.250897,0.404203,0.347783,57.351076,2270.062413,13529016
340,pperpot_6K-2.tif:0340-0768,0.120475,29074.009749,14869,45314,2.732621,9.953706,2.733145,9.952574,1.31214,0.420816,0.364513,22.241761,3502.68404,20875139
341,pperpot_6K-2.tif:0341-0767,0.091615,27433.68315,16494,44097,3.281425,9.946763,3.280586,9.946434,1.173176,0.375104,0.310973,56.96349,2513.323249,14978791
342,pperpot_6K-2.tif:0342-0766,0.078527,24853.07265,14799,38907,4.326788,9.940341,4.326744,9.939064,1.060119,0.351707,0.28428,88.551609,1951.6302,11631238
343,pperpot_6K-2.tif:0343-0767,0.084567,25809.815476,14861,37734,3.80531,9.929084,3.805385,9.929337,1.118219,0.337544,0.318993,86.195802,2182.664694,13008147
344,pperpot_6K-2.tif:0344-0765,0.023155,19286.23913,12288,30084,8.189684,9.915217,8.189302,9.915075,0.555316,0.184023,0.16021,30.931337,446.578922,2661501
345,pperpot_6K-2.tif:0345-0767,0.026679,17212.213836,9000,29813,10.84616,9.933227,10.848325,9.931207,0.599541,0.212362,0.159957,74.603627,459.20377,2736742
346,pperpot_6K-2.tif:0346-0804,0.117958,21126.428165,10637,32240,9.73576,10.446523,9.733706,10.445272,1.382273,0.407114,0.36891,47.809255,2492.028414,14851879
347,pperpot_6K-2.tif:0347-0804,0.105206,22153.030303,10751,32641,7.596626,10.437235,7.595414,10.436539,1.287535,0.398939,0.335771,118.625139,2330.624298,13889950
348,pperpot_6K-2.tif:0348-0805,0.102857,27196.084829,13287,41897,2.808862,10.433843,2.810504,10.432997,1.209814,0.407582,0.321312,130.409251,2797.29616,16671200
349,pperpot_6K-2.tif:0349-0808,0.115441,27687.122093,14529,38912,3.286206,10.469389,3.287327,10.470162,1.293821,0.407087,0.361063,103.099667,3196.228661,19048740
350,pperpot_6K-2.tif:0350-0804,0.079869,21853.033613,5725,38730,8.664178,10.421222,8.66699,10.421813,1.078438,0.326483,0.311479,69.299617,1745.381121,10402044
351,pperpot_6K-2.tif:0351-0807,0.111414,22234.926205,11956,34677,9.194889,10.450126,9.192657,10.450787,1.258485,0.383663,0.369742,21.692649,2477.281499,14763991
352,pperpot_6K-2.tif:0352-0808,0.072654,25571.055427,16391,37599,3.814046,10.477958,3.811677,10.477793,1.031069,0.327666,0.282318,98.71886,1857.839265,11072267
353,pperpot_6K-2.tif:0353-0810,0.07064,21853.522565,10397,34822,5.434284,10.503856,5.434077,10.506251,1.084724,0.35776,0.251404,76.976089,1543.743472,9200333
354,pperpot_6K-2.tif:0354-0807,0.067956,23097.269136,12396,35843,5.961422,10.470026,5.96197,10.470276,0.977954,0.335016,0.258268,123.873291,1569.593695,9354394
355,pperpot_6K-2.tif:0355-0808,0.062586,22568.981233,8532,38262,6.494806,10.465441,6.495795,10.466347,0.952047,0.300853,0.264872,117.208153,1412.512744,8418230
356,pperpot_6K-2.tif:0356-0811,0.089601,24592.40824,12774,37775,4.373418,10.501496,4.372811,10.500708,1.150412,0.354986,0.321375,94.73885,2203.504309,13132346
357,pperpot_6K-2.tif:0357-0810,0.080037,22243.603774,11153,32620,7.030538,10.508013,7.029804,10.507496,1.104345,0.364408,0.279648,129.215957,1780.307891,10610199
358,pperpot_6K-2.tif:0358-0811,0.072318,22462.403712,10766,32594,4.903035,10.495443,4.902741,10.495146,1.008305,0.310766,0.296296,163.195244,1624.445278,9681296
359,pperpot_6K-2.tif:0359-0812,0.048324,16945.472222,6712,28791,10.311629,10.522438,10.310333,10.520902,0.826957,0.275767,0.223117,64.87302,818.875262,4880296
360,pperpot_6K-2.tif:0360-0849,0.141952,27553.445626,13888,44163,3.273382,11.011651,3.275327,11.011599,1.44796,0.466681,0.387286,132.797808,3911.270629,23310215
361,pperpot_6K-2.tif:0361-0847,0.108226,22838.764341,10900,35892,8.123798,10.97151,8.124206,10.972357,1.250897,0.394705,0.349115,122.426442,2471.746372,14731003
362,pperpot_6K-2.tif:0362-0848,0.091111,25020.443831,12052,36330,4.360151,10.995233,4.359905,10.99814,1.144126,0.38424,0.301911,82.273321,2279.640827,13586101
363,pperpot_6K-2.tif:0363-0849,0.082218,23362.420408,13498,35685,5.432364,11.015808,5.43285,11.01605,1.124505,0.370796,0.282321,95.200259,1920.81484,11447586
364,pperpot_6K-2.tif:0364-0851,0.095642,22314.27193,12349,33184,6.487843,11.017009,6.488707,11.018205,1.202226,0.423577,0.287491,99.665791,2134.170755,12719135
365,pperpot_6K-2.tif:0365-0849,0.104199,21034.903382,12320,32768,8.680456,10.990302,8.679988,10.989773,1.214259,0.372835,0.355841,110.022907,2191.814063,13062675
366,pperpot_6K-2.tif:0366-0852,0.11628,27204.760462,14219,42409,3.816831,11.036152,3.816721,11.034423,1.316585,0.429629,0.344605,90.70298,3163.368082,18852899
367,pperpot_6K-2.tif:0367-0849,0.082889,23016.022267,9366,34609,7.582547,11.002653,7.581397,11.005222,1.096757,0.362317,0.291286,85.430774,1907.782257,11369915
368,pperpot_6K-2.tif:0368-0848,0.07903,19014.95966,9836,29677,9.231541,10.980945,9.230785,10.980018,1.069548,0.342188,0.294061,44.744217,1502.754036,8956046
369,pperpot_6K-2.tif:0369-0849,0.074332,22064.106095,11415,33113,7.020761,10.998467,7.019867,10.999041,1.017734,0.331445,0.285545,83.078599,1640.067229,9774399
370,pperpot_6K-2.tif:0370-0851,0.075339,23757.325167,10929,34738,4.89423,11.032756,4.894991,11.034083,1.066405,0.345749,0.277438,77.826493,1789.845196,10667039
371,pperpot_6K-2.tif:0371-0850,0.089433,22962.168856,13134,36748,5.961156,11.018911,5.962933,11.020501,1.133395,0.352824,0.322738,127.050424,2053.580363,12238836
372,pperpot_6K-2.tif:0372-0864,0.147489,23178.136519,11069,34825,2.761496,11.158227,2.766819,11.153749,1.741064,0.608695,0.308511,57.421979,3418.526722,20373582
373,pperpot_6K-2.tif:0373-0849,0.022484,17039.850746,11499,23725,9.708425,11.001258,9.708629,11.0022,0.591954,0.232385,0.123191,156.866362,383.126482,2283340
374,pperpot_6K-2.tif:0374-0889,0.140106,27084.28024,10240,43252,3.850443,11.523406,3.851759,11.522993,1.4278,0.46255,0.385665,108.27835,3794.681777,22615374
375,pperpot_6K-2.tif:0375-0886,0.08893,23796.158491,13561,34695,6.500193,11.515528,6.501001,11.518617,1.214259,0.378322,0.299292,104.017819,2116.188305,12611964
376,pperpot_6K-2.tif:0376-0890,0.127354,24254.988142,14336,38174,7.58903,11.533964,7.589949,11.535494,1.345635,0.42386,0.382562,94.741782,3088.97526,18409536
377,pperpot_6K-2.tif:0377-0889,0.100004,19755.892617,10727,30452,8.622506,11.528101,8.6212,11.527402,1.243309,0.40289,0.31604,21.638671,1975.67045,11774512
378,pperpot_6K-2.tif:0378-0891,0.087755,25995.342256,15648,40978,4.909225,11.54962,4.910378,11.551716,1.124505,0.375508,0.297553,95.534442,2281.228644,13595564
379,pperpot_6K-2.tif:0379-0891,0.091447,25448.675229,8809,39634,5.430768,11.550101,5.430293,11.550758,1.139681,0.383154,0.303882,67.608747,2327.197647,13869528
380,pperpot_6K-2.tif:0380-0892,0.10487,27428.736,12312,43920,4.362777,11.559865,4.360559,11.558409,1.232578,0.392279,0.340382,85.623365,2876.453775,17142960
381,pperpot_6K-2.tif:0381-0893,0.11477,22870.057018,10252,39704,8.137292,11.553312,8.134359,11.550553,1.272359,0.411251,0.355329,116.200825,2624.792259,15643119
382,pperpot_6K-2.tif:0382-0891,0.081547,24687.666667,13619,38565,5.9809,11.551581,5.982519,11.554348,1.092312,0.329704,0.314915,7.64211,2013.204543,11998206
383,pperpot_6K-2.tif:0383-0892,0.088594,24532.431818,12744,35745,7.027129,11.551444,7.026241,11.552315,1.133395,0.339492,0.332266,149.340621,2173.432268,12953124
384,pperpot_6K-2.tif:0384-0928,0.114434,26210.615836,16567,39142,4.412742,12.030251,4.412249,12.030101,1.305854,0.473128,0.307955,138.989901,2999.391713,17875640
385,pperpot_6K-2.tif:0385-0929,0.112421,29572.962687,15646,50258,5.427229,12.070112,5.428733,12.073553,1.295123,0.412845,0.346712,84.282884,3324.61397,19813885
386,pperpot_6K-2.tif:0386-0930,0.129703,29061.078913,12297,51192,4.872051,12.078766,4.874666,12.079468,1.365255,0.429151,0.384814,32.847987,3769.318319,22464214
387,pperpot_6K-2.tif:0387-0931,0.117119,27933.532951,15788,43451,5.966702,12.069618,5.966854,12.071516,1.276804,0.395361,0.377175,74.390376,3271.544843,19497606
388,pperpot_6K-2.tif:0388-0931,0.122656,27213.321477,11204,43008,6.495168,12.072191,6.495377,12.071525,1.281249,0.408008,0.382764,54.063681,3337.878442,19892938
389,pperpot_6K-2.tif:0389-0931,0.110575,24821.180577,13168,37659,7.046633,12.07979,7.046243,12.080622,1.255342,0.391491,0.359621,98.993634,2744.602384,16357158
390,pperpot_6K-2.tif:0390-0931,0.110239,22851.744292,13142,33563,7.597638,12.076144,7.596013,12.073294,1.278106,0.399081,0.351711,122.346866,2519.163254,15013596
